requirement_id,source,exact_expected_outcome,priority,current_evidence,status,necessary_implementation_or_configuration,acceptance_test,dependency_or_owner,final_evidence_and_deployed_version
GL-01,Accounting_System_PRD_v0.1.pdf; supplied 2026-10-05,Maintain a chart of accounts migrated from the existing MYOB structure,Launch,evidence/milestone-workflows.txt: native accounts and balanced TB; no real MYOB structure.,SYNTHETIC CHART ONLY; MYOB MAPPING OPEN,Inspect authorized extraction and validate complete account mapping and retained history.,"Reproduce the stated native result on a representative isolated copy, then obtain the applicable client acceptance evidence.",Developer (user): engineering; future client finance lead/accountant: configuration and acceptance (not yet named).,Candidate 18.0.2.12.0; local revisions in REVISIONS.md; NOT DEPLOYED. evidence/milestone-workflows.txt: native accounts and balanced TB; no real MYOB structure.
GL-02,Accounting_System_PRD_v0.1.pdf; supplied 2026-10-05,Record manual journal entries with narration and file attachment,Launch,evidence/upgrade-check.txt and recovery-verification.json: original posted journal name/narration and attachment retained.,TECHNICAL SAMPLE PASS,Representative narration/attachment retrieval and role review.,"Reproduce the stated native result on a representative isolated copy, then obtain the applicable client acceptance evidence.",Developer (user): engineering; future client finance lead/accountant: configuration and acceptance (not yet named).,Candidate 18.0.2.12.0; local revisions in REVISIONS.md; NOT DEPLOYED. evidence/upgrade-check.txt and recovery-verification.json: original posted journal name/narration and attachment retained.
GL-03,Accounting_System_PRD_v0.1.pdf; supplied 2026-10-05,Define recurring journal entries that post on a schedule,Launch,evidence/full-workflows.txt: one generated journal on repeated run; monotonic schedule patch; SQL unique run constraint.,RETRY PASS; SCHEDULER CONCURRENCY OPEN,"Rehearse overlapping scheduler workers, failures and closed-period schedules.","Reproduce the stated native result on a representative isolated copy, then obtain the applicable client acceptance evidence.",Developer (user): engineering; future client finance lead/accountant: configuration and acceptance (not yet named).,Candidate 18.0.2.12.0; local revisions in REVISIONS.md; NOT DEPLOYED. evidence/full-workflows.txt: one generated journal on repeated run; monotonic schedule patch; SQL unique run constraint.
GL-04,Accounting_System_PRD_v0.1.pdf; supplied 2026-10-05,"Post automatically to the ledger from sales, purchase, receipt and payment documents",Launch,evidence/milestone-workflows.txt: invoice and bill postings; AR 600 and AP -300 equal open-item residuals; balanced TB.,TECHNICAL SAMPLE PASS,Reconcile representative full sales/purchase/receipt/payment flows.,"Reproduce the stated native result on a representative isolated copy, then obtain the applicable client acceptance evidence.",Developer (user): engineering; future client finance lead/accountant: configuration and acceptance (not yet named).,Candidate 18.0.2.12.0; local revisions in REVISIONS.md; NOT DEPLOYED. evidence/milestone-workflows.txt: invoice and bill postings; AR 600 and AP -300 equal open-item residuals; balanced TB.
GL-05,Accounting_System_PRD_v0.1.pdf; supplied 2026-10-05,Open and close accounting periods; restrict reopening to Administrator,Launch,"Native suite and evidence/concurrency.txt: closed dates blocked, Administrator reopen, concurrent draft/close and post/close tested.",NATIVE AND CONCURRENCY SAMPLE PASS,Production memberships and all supported extensions need rehearsal.,"Reproduce the stated native result on a representative isolated copy, then obtain the applicable client acceptance evidence.",Developer (user): engineering; future client finance lead/accountant: configuration and acceptance (not yet named).,"Candidate 18.0.2.12.0; local revisions in REVISIONS.md; NOT DEPLOYED. Native suite and evidence/concurrency.txt: closed dates blocked, Administrator reopen, concurrent draft/close and post/close tested."
GL-06,Accounting_System_PRD_v0.1.pdf; supplied 2026-10-05,"Produce a trial balance at any date, with drill-down to source document",Launch,evidence/milestone-workflows.txt: OCA trial balance PDF; 4070 debit equals credit at recorded synthetic snapshot.,PDF/CALCULATION PASS; DRILLDOWN OPEN,Verify interactive source drilldown and representative date/account scopes.,"Reproduce the stated native result on a representative isolated copy, then obtain the applicable client acceptance evidence.",Developer (user): engineering; future client finance lead/accountant: configuration and acceptance (not yet named).,Candidate 18.0.2.12.0; local revisions in REVISIONS.md; NOT DEPLOYED. evidence/milestone-workflows.txt: OCA trial balance PDF; 4070 debit equals credit at recorded synthetic snapshot.
GL-07,Accounting_System_PRD_v0.1.pdf; supplied 2026-10-05,Perform year-end close and roll retained earnings forward,Launch,evidence/full-workflows.txt: native retained-earnings move and reversal; final native test preserves P&L after close.,TECHNICAL SAMPLE PASS,Verify client fiscal dates and retained earnings mapping on representative years.,"Reproduce the stated native result on a representative isolated copy, then obtain the applicable client acceptance evidence.",Developer (user): engineering; future client finance lead/accountant: configuration and acceptance (not yet named).,Candidate 18.0.2.12.0; local revisions in REVISIONS.md; NOT DEPLOYED. evidence/full-workflows.txt: native retained-earnings move and reversal; final native test preserves P&L after close.
GL-08,Accounting_System_PRD_v0.1.pdf; supplied 2026-10-05,Prevent deletion of posted entries; require reversal for correction,Launch,"Final native suite: immutable posted moves/lines, reset/cancel/delete/forged-context blocking, native reversal retains original.",NATIVE INTEGRITY REGRESSION PASS,Rehearse supported bank suspense/reconciliation integrations; deploy only after hosted release gates.,"Reproduce the stated native result on a representative isolated copy, then obtain the applicable client acceptance evidence.",Developer (user): engineering; future client finance lead/accountant: configuration and acceptance (not yet named).,"Candidate 18.0.2.12.0; local revisions in REVISIONS.md; NOT DEPLOYED. Final native suite: immutable posted moves/lines, reset/cancel/delete/forged-context blocking, native reversal retains original."
AR-01,Accounting_System_PRD_v0.1.pdf; supplied 2026-10-05,"Maintain customer master with credit terms, TIN and contact details",Launch,Native partner masters used in invoice/bill/payment tests; partner/payment-term audit rules installed.,SYNTHETIC MASTER WORKFLOWS; CLIENT CONFIG OPEN,"Verify actual TIN, contact, payment terms and approved customer/supplier mappings.","Reproduce the stated native result on a representative isolated copy, then obtain the applicable client acceptance evidence.",Developer (user): engineering; future client finance lead/accountant: configuration and acceptance (not yet named).,Candidate 18.0.2.12.0; local revisions in REVISIONS.md; NOT DEPLOYED. Native partner masters used in invoice/bill/payment tests; partner/payment-term audit rules installed.
AR-02,Accounting_System_PRD_v0.1.pdf; supplied 2026-10-05,Create and print sales invoices on the client's layout,Launch,Native golden invoice/partial receipt tests; QWeb requires matching sample evidence for approved layout.,PROVISIONAL DOCUMENTS; CLIENT FORMAT OPEN,"Obtain required document interpretation, stock/sample, tax/control/signature values; compare actual printed output.","Reproduce the stated native result on a representative isolated copy, then obtain the applicable client acceptance evidence.",Developer (user): engineering; future client finance lead/accountant: configuration and acceptance (not yet named).,Candidate 18.0.2.12.0; local revisions in REVISIONS.md; NOT DEPLOYED. Native golden invoice/partial receipt tests; QWeb requires matching sample evidence for approved layout.
AR-03,Accounting_System_PRD_v0.1.pdf; supplied 2026-10-05,"Record full and partial payments, applied across one or more invoices",Launch,evidence/milestone-workflows.txt partial residual/control equality; alignment_fixture.py groups payment150 across two invoices100 each; additional settlement test fully settles invoice.,TECHNICAL SAMPLE PASS,Representative full/partial/group settlements including instrument and authorization review.,"Reproduce the stated native result on a representative isolated copy, then obtain the applicable client acceptance evidence.",Developer (user): engineering; future client finance lead/accountant: configuration and acceptance (not yet named).,Candidate 18.0.2.12.0; local revisions in REVISIONS.md; NOT DEPLOYED. evidence/milestone-workflows.txt partial residual/control equality; alignment_fixture.py groups payment150 across two invoices100 each; additional settlement test fully settles invoice.
AR-04,Accounting_System_PRD_v0.1.pdf; supplied 2026-10-05,Record customer deposits and advance payments,Launch,evidence/full-workflows.txt creates customer advance; evidence/settlement-expenses.txt applies advance to later invoice and zeroes AR.,TECHNICAL SAMPLE PASS,Confirm client advance/clearing account policy and refund presentation.,"Reproduce the stated native result on a representative isolated copy, then obtain the applicable client acceptance evidence.",Developer (user): engineering; future client finance lead/accountant: configuration and acceptance (not yet named).,Candidate 18.0.2.12.0; local revisions in REVISIONS.md; NOT DEPLOYED. evidence/full-workflows.txt creates customer advance; evidence/settlement-expenses.txt applies advance to later invoice and zeroes AR.
AR-05,Accounting_System_PRD_v0.1.pdf; supplied 2026-10-05,Issue and print Official Receipts on the client's layout,Launch,Native golden invoice/partial receipt tests; QWeb requires matching sample evidence for approved layout.,PROVISIONAL DOCUMENTS; CLIENT FORMAT OPEN,"Obtain required document interpretation, stock/sample, tax/control/signature values; compare actual printed output.","Reproduce the stated native result on a representative isolated copy, then obtain the applicable client acceptance evidence.",Developer (user): engineering; future client finance lead/accountant: configuration and acceptance (not yet named).,Candidate 18.0.2.12.0; local revisions in REVISIONS.md; NOT DEPLOYED. Native golden invoice/partial receipt tests; QWeb requires matching sample evidence for approved layout.
AR-06,Accounting_System_PRD_v0.1.pdf; supplied 2026-10-05,Generate recurring invoices for repeat billing,Assumed,evidence/full-workflows.txt: one recurring invoice generated on repeated run; monotonic schedule patch.,ASSUMED; RETRY SAMPLE PASS,Product/client must confirm mandatory scope; scheduler concurrency and closed-period rehearsal remain.,"Reproduce the stated native result on a representative isolated copy, then obtain the applicable client acceptance evidence.",Developer (user): engineering; future client finance lead/accountant: configuration and acceptance (not yet named).,Candidate 18.0.2.12.0; local revisions in REVISIONS.md; NOT DEPLOYED. evidence/full-workflows.txt: one recurring invoice generated on repeated run; monotonic schedule patch.
AR-07,Accounting_System_PRD_v0.1.pdf; supplied 2026-10-05,Issue credit notes and process refunds,Launch,evidence/settlement-expenses.txt: settled invoice credit note and outbound refund reach zero residual; original stays posted.,TECHNICAL SAMPLE PASS,Representative refund authorizations and payment methods.,"Reproduce the stated native result on a representative isolated copy, then obtain the applicable client acceptance evidence.",Developer (user): engineering; future client finance lead/accountant: configuration and acceptance (not yet named).,Candidate 18.0.2.12.0; local revisions in REVISIONS.md; NOT DEPLOYED. evidence/settlement-expenses.txt: settled invoice credit note and outbound refund reach zero residual; original stays posted.
AR-08,Accounting_System_PRD_v0.1.pdf; supplied 2026-10-05,Produce customer ageing and unpaid balance listings,Launch,evidence/standard-reports/customer_ageing.pdf: synthetic total1847.50 at recorded snapshot; open-items PDF generated.,NATIVE OUTPUT RENDERED,Compare ageing buckets/cutoff/running balances against representative customer ledger.,"Reproduce the stated native result on a representative isolated copy, then obtain the applicable client acceptance evidence.",Developer (user): engineering; future client finance lead/accountant: configuration and acceptance (not yet named).,Candidate 18.0.2.12.0; local revisions in REVISIONS.md; NOT DEPLOYED. evidence/standard-reports/customer_ageing.pdf: synthetic total1847.50 at recorded snapshot; open-items PDF generated.
AP-01,Accounting_System_PRD_v0.1.pdf; supplied 2026-10-05,Maintain supplier master with terms and TIN,Launch,Native partner masters used in invoice/bill/payment tests; partner/payment-term audit rules installed.,SYNTHETIC MASTER WORKFLOWS; CLIENT CONFIG OPEN,"Verify actual TIN, contact, payment terms and approved customer/supplier mappings.","Reproduce the stated native result on a representative isolated copy, then obtain the applicable client acceptance evidence.",Developer (user): engineering; future client finance lead/accountant: configuration and acceptance (not yet named).,Candidate 18.0.2.12.0; local revisions in REVISIONS.md; NOT DEPLOYED. Native partner masters used in invoice/bill/payment tests; partner/payment-term audit rules installed.
AP-02,Accounting_System_PRD_v0.1.pdf; supplied 2026-10-05,"Record supplier bills, with attachment of the source document",Launch,evidence/milestone-workflows.txt: bill800/payment500/AP300; general attachment restore verified separately.,BILL POSTING PASS; SOURCE-ATTACHMENT FLOW PARTIAL,Verify supplier source document attachment through complete bill/payment/retrieval workflow.,"Reproduce the stated native result on a representative isolated copy, then obtain the applicable client acceptance evidence.",Developer (user): engineering; future client finance lead/accountant: configuration and acceptance (not yet named).,Candidate 18.0.2.12.0; local revisions in REVISIONS.md; NOT DEPLOYED. evidence/milestone-workflows.txt: bill800/payment500/AP300; general attachment restore verified separately.
AP-03,Accounting_System_PRD_v0.1.pdf; supplied 2026-10-05,Record employee reimbursements and petty cash expenses,Launch,evidence/settlement-expenses.txt: submit/approve/post expense25; employee reimbursement reaches zero bill residual and done; company-paid expense done.,NATIVE REIMBURSEMENT/COMPANY-PAID PASS,Configure and test dedicated petty-cash journal and client expense authorization roles.,"Reproduce the stated native result on a representative isolated copy, then obtain the applicable client acceptance evidence.",Developer (user): engineering; future client finance lead/accountant: configuration and acceptance (not yet named).,Candidate 18.0.2.12.0; local revisions in REVISIONS.md; NOT DEPLOYED. evidence/settlement-expenses.txt: submit/approve/post expense25; employee reimbursement reaches zero bill residual and done; company-paid expense done.
AP-04,Accounting_System_PRD_v0.1.pdf; supplied 2026-10-05,"Schedule and batch payments manually, matching current practice",Launch,evidence/full-workflows.txt: batch125 partially settled62.50 with matching residual and posted payment.,NATIVE BATCH SAMPLE PASS,"Verify representative manual schedule, multiple suppliers and selected payment dates.","Reproduce the stated native result on a representative isolated copy, then obtain the applicable client acceptance evidence.",Developer (user): engineering; future client finance lead/accountant: configuration and acceptance (not yet named).,Candidate 18.0.2.12.0; local revisions in REVISIONS.md; NOT DEPLOYED. evidence/full-workflows.txt: batch125 partially settled62.50 with matching residual and posted payment.
AP-05,Accounting_System_PRD_v0.1.pdf; supplied 2026-10-05,Produce supplier ageing and unpaid balance listings,Launch,evidence/standard-reports/supplier_ageing.pdf: synthetic total -270.00 at snapshot; unpaid listing rendered.,NATIVE OUTPUT RENDERED,Reconcile ageing buckets and cutoff to supplier ledger.,"Reproduce the stated native result on a representative isolated copy, then obtain the applicable client acceptance evidence.",Developer (user): engineering; future client finance lead/accountant: configuration and acceptance (not yet named).,Candidate 18.0.2.12.0; local revisions in REVISIONS.md; NOT DEPLOYED. evidence/standard-reports/supplier_ageing.pdf: synthetic total -270.00 at snapshot; unpaid listing rendered.
AP-06,Accounting_System_PRD_v0.1.pdf; supplied 2026-10-05,Record debit notes and supplier credits,Launch,evidence/full-workflows.txt: credit/debit notes created; native reversal tests cover preserved original.,NATIVE NOTE CREATION; FULL SUPPLIER SETTLEMENT OPEN,"Exercise supplier credits, allocation/refund and payable control reconciliation.","Reproduce the stated native result on a representative isolated copy, then obtain the applicable client acceptance evidence.",Developer (user): engineering; future client finance lead/accountant: configuration and acceptance (not yet named).,Candidate 18.0.2.12.0; local revisions in REVISIONS.md; NOT DEPLOYED. evidence/full-workflows.txt: credit/debit notes created; native reversal tests cover preserved original.
AP-07,Accounting_System_PRD_v0.1.pdf; supplied 2026-10-05,Require approval on payments above a defined threshold,Optional,Native threshold approval and full-workflow synthetic Administrator approval tested.,OPTIONAL; TECHNICAL SAMPLE PASS,Confirm whether required and approved threshold/operator rules; no invented client approval.,"Reproduce the stated native result on a representative isolated copy, then obtain the applicable client acceptance evidence.",Developer (user): engineering; future client finance lead/accountant: configuration and acceptance (not yet named).,Candidate 18.0.2.12.0; local revisions in REVISIONS.md; NOT DEPLOYED. Native threshold approval and full-workflow synthetic Administrator approval tested.
CB-01,Accounting_System_PRD_v0.1.pdf; supplied 2026-10-05,Maintain multiple cash and bank accounts including petty cash,Launch,Native bank payments and company-paid expense tested; instrument fields and bank/cash journal support inspected.,PARTIAL CONFIGURATION AND WORKFLOW EVIDENCE,Verify each actual bank/petty-cash account and cash/cheque/transfer instrument/reference behavior.,"Reproduce the stated native result on a representative isolated copy, then obtain the applicable client acceptance evidence.",Developer (user): engineering; future client finance lead/accountant: configuration and acceptance (not yet named).,Candidate 18.0.2.12.0; local revisions in REVISIONS.md; NOT DEPLOYED. Native bank payments and company-paid expense tested; instrument fields and bank/cash journal support inspected.
CB-02,Accounting_System_PRD_v0.1.pdf; supplied 2026-10-05,"Record payments by cash, cheque and transfer",Launch,Native bank payments and company-paid expense tested; instrument fields and bank/cash journal support inspected.,PARTIAL CONFIGURATION AND WORKFLOW EVIDENCE,Verify each actual bank/petty-cash account and cash/cheque/transfer instrument/reference behavior.,"Reproduce the stated native result on a representative isolated copy, then obtain the applicable client acceptance evidence.",Developer (user): engineering; future client finance lead/accountant: configuration and acceptance (not yet named).,Candidate 18.0.2.12.0; local revisions in REVISIONS.md; NOT DEPLOYED. Native bank payments and company-paid expense tested; instrument fields and bank/cash journal support inspected.
CB-03,Accounting_System_PRD_v0.1.pdf; supplied 2026-10-05,Reconcile bank accounts manually against a paper or PDF statement,Launch,evidence/full-workflows.txt: difference0 and reconciled state; native ledger/sign anti-forgery tests pass.,NATIVE RECONCILIATION SAMPLE PASS,Reconcile actual isolated statement evidence and attachment retrieval; rehearse reversal-only integration effects.,"Reproduce the stated native result on a representative isolated copy, then obtain the applicable client acceptance evidence.",Developer (user): engineering; future client finance lead/accountant: configuration and acceptance (not yet named).,Candidate 18.0.2.12.0; local revisions in REVISIONS.md; NOT DEPLOYED. evidence/full-workflows.txt: difference0 and reconciled state; native ledger/sign anti-forgery tests pass.
CB-04,Accounting_System_PRD_v0.1.pdf; supplied 2026-10-05,Show reconciled and unreconciled status per transaction line,Launch,evidence/full-workflows.txt: synthetic native statement line unreconciled; posted statement edits prohibited.,PARTIAL LINE-STATUS EVIDENCE,Exercise fully reconciled and outstanding native lines with supported OCA UI and ledger tie-out.,"Reproduce the stated native result on a representative isolated copy, then obtain the applicable client acceptance evidence.",Developer (user): engineering; future client finance lead/accountant: configuration and acceptance (not yet named).,Candidate 18.0.2.12.0; local revisions in REVISIONS.md; NOT DEPLOYED. evidence/full-workflows.txt: synthetic native statement line unreconciled; posted statement edits prohibited.
RP-01,Accounting_System_PRD_v0.1.pdf; supplied 2026-10-05,"Statement of Account Customer details, opening balance, invoices and payments in the period, running balance, ageing buckets, closing balance",Launch,evidence/milestone-workflows.txt: partner activity statement PDF27188bytes; AR/residual agreement.,NATIVE SOA RENDERED; FULL FORMAT OPEN,Compare customer identity/opening/activity/running balance/ageing/closing fields to approved sample and ledger.,"Reproduce the stated native result on a representative isolated copy, then obtain the applicable client acceptance evidence.",Developer (user): engineering; future client finance lead/accountant: configuration and acceptance (not yet named).,Candidate 18.0.2.12.0; local revisions in REVISIONS.md; NOT DEPLOYED. evidence/milestone-workflows.txt: partner activity statement PDF27188bytes; AR/residual agreement.
RP-02,Accounting_System_PRD_v0.1.pdf; supplied 2026-10-05,"Financial Statements Balance sheet and income statement in the client's presentation format, with comparatives",Launch,evidence/reports: comparative BS assets1200 equals earnings1200; P&L1200; year-end regression preserves earned income.,CALCULATIONS/PDF PASS; CLIENT PRESENTATION OPEN,Approved client presentation and representative annual-volume/TB comparisons.,"Reproduce the stated native result on a representative isolated copy, then obtain the applicable client acceptance evidence.",Developer (user): engineering; future client finance lead/accountant: configuration and acceptance (not yet named).,Candidate 18.0.2.12.0; local revisions in REVISIONS.md; NOT DEPLOYED. evidence/reports: comparative BS assets1200 equals earnings1200; P&L1200; year-end regression preserves earned income.
RP-03,Accounting_System_PRD_v0.1.pdf; supplied 2026-10-05,"Official Receipt Serial number, BIR Acknowledgement Certificate control number, payer, amount in words and figures, VAT breakdown, signature block",Launch,Native golden invoice/partial receipt tests; QWeb requires matching sample evidence for approved layout.,PROVISIONAL DOCUMENTS; CLIENT FORMAT OPEN,"Obtain required document interpretation, stock/sample, tax/control/signature values; compare actual printed output.","Reproduce the stated native result on a representative isolated copy, then obtain the applicable client acceptance evidence.",Developer (user): engineering; future client finance lead/accountant: configuration and acceptance (not yet named).,Candidate 18.0.2.12.0; local revisions in REVISIONS.md; NOT DEPLOYED. Native golden invoice/partial receipt tests; QWeb requires matching sample evidence for approved layout.
RP-04,Accounting_System_PRD_v0.1.pdf; supplied 2026-10-05,Monthly reconciliation report Format not yet defined by the client ,Launch,PRD explicitly lacks format; existing zero-difference reconciliation record is not this report.,UNDEFINED CUSTOM OUTPUT,"Obtain definition/sample, implement exact custom output, agree actual statement tie-out.",Produce the agreed monthly output and reconcile every defined amount to the bank statement and ledger.,Developer (user): engineering; future client finance lead/accountant: configuration and acceptance (not yet named).,Candidate 18.0.2.12.0; local revisions in REVISIONS.md; NOT DEPLOYED. PRD explicitly lacks format; existing zero-difference reconciliation record is not this report.
DM-01,Accounting_System_PRD_v0.1.pdf; supplied 2026-10-05,"Extract master data from MYOB: chart of accounts, customers, suppliers, tax codes",Launch,Migration scripts and synthetic account/partner/tax mappings inspected; no authorized MYOB file supplied.,REAL EXTRACTION UNAVAILABLE,Inspect real extraction and approve all master mappings.,"Reproduce the stated native result on a representative isolated copy, then obtain the applicable client acceptance evidence.",Developer (user): engineering; future client finance lead/accountant: configuration and acceptance (not yet named).,Candidate 18.0.2.12.0; local revisions in REVISIONS.md; NOT DEPLOYED. Migration scripts and synthetic account/partner/tax mappings inspected; no authorized MYOB file supplied.
DM-02,Accounting_System_PRD_v0.1.pdf; supplied 2026-10-05,"Extract open items: unpaid customer invoices, unpaid supplier bills, undeposited receipts",Launch,"evidence/migration-policy.txt and native atomic-import tests: overlap rejected, retry idempotent, failure rollback; unsupported undeposited input rejected.",SAFETY FIXES PASS; FULL ACCOUNTING POLICY INCOMPLETE,"MIGRATION-DESIGN.md: implement approved combined TB/subledger/history/undeposited policy, source retention and line-by-line real reconciliation.","Reproduce the stated native result on a representative isolated copy, then obtain the applicable client acceptance evidence.",Developer (user): engineering; future client finance lead/accountant: configuration and acceptance (not yet named).,"Candidate 18.0.2.12.0; local revisions in REVISIONS.md; NOT DEPLOYED. evidence/migration-policy.txt and native atomic-import tests: overlap rejected, retry idempotent, failure rollback; unsupported undeposited input rejected."
DM-03,Accounting_System_PRD_v0.1.pdf; supplied 2026-10-05,"Load an opening trial balance as at cutover, reconciled to the MYOB trial balance",Launch,"evidence/migration-policy.txt and native atomic-import tests: overlap rejected, retry idempotent, failure rollback; unsupported undeposited input rejected.",SAFETY FIXES PASS; FULL ACCOUNTING POLICY INCOMPLETE,"MIGRATION-DESIGN.md: implement approved combined TB/subledger/history/undeposited policy, source retention and line-by-line real reconciliation.","Reproduce the stated native result on a representative isolated copy, then obtain the applicable client acceptance evidence.",Developer (user): engineering; future client finance lead/accountant: configuration and acceptance (not yet named).,"Candidate 18.0.2.12.0; local revisions in REVISIONS.md; NOT DEPLOYED. evidence/migration-policy.txt and native atomic-import tests: overlap rejected, retry idempotent, failure rollback; unsupported undeposited input rejected."
DM-04,Accounting_System_PRD_v0.1.pdf; supplied 2026-10-05,Load transaction history for the agreed retention period,Launch,"evidence/migration-policy.txt and native atomic-import tests: overlap rejected, retry idempotent, failure rollback; unsupported undeposited input rejected.",SAFETY FIXES PASS; FULL ACCOUNTING POLICY INCOMPLETE,"MIGRATION-DESIGN.md: implement approved combined TB/subledger/history/undeposited policy, source retention and line-by-line real reconciliation.","Reproduce the stated native result on a representative isolated copy, then obtain the applicable client acceptance evidence.",Developer (user): engineering; future client finance lead/accountant: configuration and acceptance (not yet named).,"Candidate 18.0.2.12.0; local revisions in REVISIONS.md; NOT DEPLOYED. evidence/migration-policy.txt and native atomic-import tests: overlap rejected, retry idempotent, failure rollback; unsupported undeposited input rejected."
DM-05,Accounting_System_PRD_v0.1.pdf; supplied 2026-10-05,"Produce a reconciliation report proving migrated balances match source, line by line",Launch,"evidence/migration-policy.txt and native atomic-import tests: overlap rejected, retry idempotent, failure rollback; unsupported undeposited input rejected.",SAFETY FIXES PASS; FULL ACCOUNTING POLICY INCOMPLETE,"MIGRATION-DESIGN.md: implement approved combined TB/subledger/history/undeposited policy, source retention and line-by-line real reconciliation.","Reproduce the stated native result on a representative isolated copy, then obtain the applicable client acceptance evidence.",Developer (user): engineering; future client finance lead/accountant: configuration and acceptance (not yet named).,"Candidate 18.0.2.12.0; local revisions in REVISIONS.md; NOT DEPLOYED. evidence/migration-policy.txt and native atomic-import tests: overlap rejected, retry idempotent, failure rollback; unsupported undeposited input rejected."
DM-06,Accounting_System_PRD_v0.1.pdf; supplied 2026-10-05,Run one full accounting month in parallel on both systems and compare results,Launch,No real month or MYOB parallel run occurred.,REAL-TIME ACCEPTANCE OUTSTANDING,Run one full accounting month on both systems after approved trial migration.,"Match the complete month-end trial balance and required reports in both systems, with signed variances/resolution.",Developer (user): engineering; future client finance lead/accountant: configuration and acceptance (not yet named).,Candidate 18.0.2.12.0; local revisions in REVISIONS.md; NOT DEPLOYED. No real month or MYOB parallel run occurred.
DM-07,Accounting_System_PRD_v0.1.pdf; supplied 2026-10-05,Retain a read-only archive of the original MYOB data file,Launch,No original MYOB file supplied or archived.,SOURCE ARCHIVE UNAVAILABLE,Retain original read-only with checksum and independently retrieve/query authorized archive.,"Reproduce the stated native result on a representative isolated copy, then obtain the applicable client acceptance evidence.",Developer (user): engineering; future client finance lead/accountant: configuration and acceptance (not yet named).,Candidate 18.0.2.12.0; local revisions in REVISIONS.md; NOT DEPLOYED. No original MYOB file supplied or archived.
NF-01,Accounting_System_PRD_v0.1.pdf; supplied 2026-10-05,"Deployment On-premise, client-owned server, single site",Launch,User explicitly accepts hosted Vercel/Railway/Odoo PostgreSQL/persistent filestore/Supabase; on-premise/LAN mismatch withdrawn.,SUPERSEDED DEPLOYMENT ASSUMPTION,"Preserve hosted topology, company isolation and production accounts; verify actual configuration.",Read-only inventory confirms accepted hosted target; unrelated controls retain their gates.,Developer (user): engineering; future client finance lead/accountant: configuration and acceptance (not yet named).,Candidate 18.0.2.12.0; local revisions in REVISIONS.md; NOT DEPLOYED. User explicitly accepts hosted Vercel/Railway/Odoo PostgreSQL/persistent filestore/Supabase; on-premise/LAN mismatch withdrawn.
NF-02,Accounting_System_PRD_v0.1.pdf; supplied 2026-10-05,"Concurrent users 5 named, 2 typical concurrent, headroom to 10",Launch,evidence/performance-*.json and concurrency.txt; two/ten workers complete synthetic accounting operations.,2/10-WORKER SYNTHETIC RUNS; CAPACITY OPEN,Agree client volumes and test representative hosted concurrency and permissions.,"Reproduce the stated native result on a representative isolated copy, then obtain the applicable client acceptance evidence.",Developer (user): engineering; future client finance lead/accountant: configuration and acceptance (not yet named).,Candidate 18.0.2.12.0; local revisions in REVISIONS.md; NOT DEPLOYED. evidence/performance-*.json and concurrency.txt; two/ten workers complete synthetic accounting operations.
NF-03,Accounting_System_PRD_v0.1.pdf; supplied 2026-10-05,Transaction screen response Under 2 seconds for save and post under normal load,Proposed target,Quiet2 p95save804.77ms/post304.41ms; loaded2 save2249.17ms; ten p95save4770.19ms/post2790.14ms. All runs retained.,QUIET LOCAL TARGET MET; LOADED LATENCY OPEN,Agree proposed latency/normal load and verify actual hosted representative transactions.,"Measure end-user save/post under agreed normal load, with failure rate and p95 documented; target proposed<2s.",Developer (user): engineering; future client finance lead/accountant: configuration and acceptance (not yet named).,Candidate 18.0.2.12.0; local revisions in REVISIONS.md; NOT DEPLOYED. Quiet2 p95save804.77ms/post304.41ms; loaded2 save2249.17ms; ten p95save4770.19ms/post2790.14ms. All runs retained.
NF-04,Accounting_System_PRD_v0.1.pdf; supplied 2026-10-05,Report generation Under 30 seconds for a full-year Financial Statement,Proposed target,evidence/reports/report-evidence.json: full-year12-invoice financial PDFs approximately2–3s.,SMALL FULL-YEAR RANGE PASS; VOLUME OPEN,Test agreed annual volume on representative hosted copy; proposed30s target not client-approved.,"Reproduce the stated native result on a representative isolated copy, then obtain the applicable client acceptance evidence.",Developer (user): engineering; future client finance lead/accountant: configuration and acceptance (not yet named).,Candidate 18.0.2.12.0; local revisions in REVISIONS.md; NOT DEPLOYED. evidence/reports/report-evidence.json: full-year12-invoice financial PDFs approximately2–3s.
NF-05,Accounting_System_PRD_v0.1.pdf; supplied 2026-10-05,"Audit trail Every create, edit, approve, post and reverse logged with user, timestamp and prior value",Launch,AUDIT-COVERAGE.md maps actions/models and uncovered attachment/user/configuration paths; native actor/time/old/new sample passes.,EXPANDED COVERAGE; INCOMPLETE,Finish uncovered paths and all-action verification; inventory active production subscriptions.,"Reproduce the stated native result on a representative isolated copy, then obtain the applicable client acceptance evidence.",Developer (user): engineering; future client finance lead/accountant: configuration and acceptance (not yet named).,Candidate 18.0.2.12.0; local revisions in REVISIONS.md; NOT DEPLOYED. AUDIT-COVERAGE.md maps actions/models and uncovered attachment/user/configuration paths; native actor/time/old/new sample passes.
NF-06,Accounting_System_PRD_v0.1.pdf; supplied 2026-10-05,Audit trail integrity Read-only; not editable or purgeable by any role,Launch,Final native suite: parent/detail audit write/unlink blocked even sudo; no application purge; scope isolation checked.,APPLICATION IMMUTABILITY SAMPLE PASS,"Verify production memberships, rule administration, retention and host/database operator controls.","Reproduce the stated native result on a representative isolated copy, then obtain the applicable client acceptance evidence.",Developer (user): engineering; future client finance lead/accountant: configuration and acceptance (not yet named).,Candidate 18.0.2.12.0; local revisions in REVISIONS.md; NOT DEPLOYED. Final native suite: parent/detail audit write/unlink blocked even sudo; no application purge; scope isolation checked.
NF-07,Accounting_System_PRD_v0.1.pdf; supplied 2026-10-05,"Document numbering Sequential and unbroken across invoices, receipts and journals",Launch,Receipt uniqueness/locking/reset guards; rollback/retry/year-boundary native tests; concurrent reassignment unchanged. Native invoice/journal fiscal behavior not certified.,RECEIPT HARDENING PASS; ALL-SERIES POLICY OPEN,Resolve exact series/period semantics in TURNOVER-DECISIONS.md; implement/test all-series concurrency/failures/overrides without historical renumbering.,"Reproduce the stated native result on a representative isolated copy, then obtain the applicable client acceptance evidence.",Developer (user): engineering; future client finance lead/accountant: configuration and acceptance (not yet named).,Candidate 18.0.2.12.0; local revisions in REVISIONS.md; NOT DEPLOYED. Receipt uniqueness/locking/reset guards; rollback/retry/year-boundary native tests; concurrent reassignment unchanged. Native invoice/journal fiscal behavior not certified.
NF-08,Accounting_System_PRD_v0.1.pdf; supplied 2026-10-05,Backup Automated nightly database backup to a second device on the client network,Launch,"Local synthetic DB+filestore backup only; no hosted scheduler, second failure-domain destination or alert inspected.",HOSTED SCHEDULE/DESTINATION UNVERIFIED,"HOSTED-OPERATIONS.md: verify consistent nightly bundle, separate destination, retention, alerts, operator and recovery secrets.","Reproduce the stated native result on a representative isolated copy, then obtain the applicable client acceptance evidence.",Developer (user): engineering; future client finance lead/accountant: configuration and acceptance (not yet named).,"Candidate 18.0.2.12.0; local revisions in REVISIONS.md; NOT DEPLOYED. Local synthetic DB+filestore backup only; no hosted scheduler, second failure-domain destination or alert inspected."
NF-09,Accounting_System_PRD_v0.1.pdf; supplied 2026-10-05,"Restore Documented restore procedure, tested and demonstrated at handover",Launch,"evidence/recovery-verification.json: native restore6.383s, matching posted balances, attachment and audit hashes.",SYNTHETIC RESTORE PASS; HOSTED/HANDOVER OPEN,Restore production-representative hosted bundle in isolation; measure agreed RPO/RTO and demonstrate handover.,"Reproduce the stated native result on a representative isolated copy, then obtain the applicable client acceptance evidence.",Developer (user): engineering; future client finance lead/accountant: configuration and acceptance (not yet named).,"Candidate 18.0.2.12.0; local revisions in REVISIONS.md; NOT DEPLOYED. evidence/recovery-verification.json: native restore6.383s, matching posted balances, attachment and audit hashes."
NF-10,Accounting_System_PRD_v0.1.pdf; supplied 2026-10-05,Retention Records retained for the statutory period; archive remains queryable,Launch,Original5 audit rows/108details survive synthetic upgrade/restore; historical unknown company scope preserved platform-only.,SMALL RETAINED AUDIT RESTORE PASS; RETENTION OPEN,Agree statutory/archive retention with client accountant; implement/verify off-system queryable archive and examination retrieval.,"Reproduce the stated native result on a representative isolated copy, then obtain the applicable client acceptance evidence.",Developer (user): engineering; future client finance lead/accountant: configuration and acceptance (not yet named).,Candidate 18.0.2.12.0; local revisions in REVISIONS.md; NOT DEPLOYED. Original5 audit rows/108details survive synthetic upgrade/restore; historical unknown company scope preserved platform-only.
NF-11,Accounting_System_PRD_v0.1.pdf; supplied 2026-10-05,Access Local network only; no internet exposure unless the client requests remote access,Launch,User explicitly accepts hosted Vercel/Railway/Odoo PostgreSQL/persistent filestore/Supabase; on-premise/LAN mismatch withdrawn.,SUPERSEDED DEPLOYMENT ASSUMPTION,"Preserve hosted topology, company isolation and production accounts; verify actual configuration.",Read-only inventory confirms accepted hosted target; unrelated controls retain their gates.,Developer (user): engineering; future client finance lead/accountant: configuration and acceptance (not yet named).,Candidate 18.0.2.12.0; local revisions in REVISIONS.md; NOT DEPLOYED. User explicitly accepts hosted Vercel/Railway/Odoo PostgreSQL/persistent filestore/Supabase; on-premise/LAN mismatch withdrawn.
NF-12,Accounting_System_PRD_v0.1.pdf; supplied 2026-10-05,Browser support Current versions of Chrome and Edge on Windows,Launch,Native light/dark financial wizard screenshots and no-overflow inspection retained.,LINUX CHROMIUM ONLY; WINDOWS OPEN,Run current Chrome and Edge on Windows through representative workflow/report/print tests.,"Reproduce the stated native result on a representative isolated copy, then obtain the applicable client acceptance evidence.",Developer (user): engineering; future client finance lead/accountant: configuration and acceptance (not yet named).,Candidate 18.0.2.12.0; local revisions in REVISIONS.md; NOT DEPLOYED. Native light/dark financial wizard screenshots and no-overflow inspection retained.
RG-01,Accounting_System_PRD_v0.1.pdf; supplied 2026-10-05,Generate the books of accounts in BIR-acceptable format,Launch,TB/GL/journal and synthetic financial PDFs rendered; no BIR-approved book-format acceptance.,PARTIAL REPORT AVAILABILITY; FORMAT OPEN,Verify required general journal/ledger/sales/purchase/cash receipts/disbursements outputs and actual format with accountant.,"Reproduce the stated native result on a representative isolated copy, then obtain the applicable client acceptance evidence.",Developer (user): engineering; future client finance lead/accountant: configuration and acceptance (not yet named).,Candidate 18.0.2.12.0; local revisions in REVISIONS.md; NOT DEPLOYED. TB/GL/journal and synthetic financial PDFs rendered; no BIR-approved book-format acceptance.
RG-02,Accounting_System_PRD_v0.1.pdf; supplied 2026-10-05,"Sequential, unbroken, non-resettable document numbering",Launch,Receipt uniqueness/locking/reset guards; rollback/retry/year-boundary native tests; concurrent reassignment unchanged. Native invoice/journal fiscal behavior not certified.,RECEIPT HARDENING PASS; ALL-SERIES POLICY OPEN,Resolve exact series/period semantics in TURNOVER-DECISIONS.md; implement/test all-series concurrency/failures/overrides without historical renumbering.,"Reproduce the stated native result on a representative isolated copy, then obtain the applicable client acceptance evidence.",Developer (user): engineering; future client finance lead/accountant: configuration and acceptance (not yet named).,Candidate 18.0.2.12.0; local revisions in REVISIONS.md; NOT DEPLOYED. Receipt uniqueness/locking/reset guards; rollback/retry/year-boundary native tests; concurrent reassignment unchanged. Native invoice/journal fiscal behavior not certified.
RG-03,Accounting_System_PRD_v0.1.pdf; supplied 2026-10-05,No deletion of posted transactions; correction by reversal only,Launch,"Final native suite: immutable posted moves/lines, reset/cancel/delete/forged-context blocking, native reversal retains original.",NATIVE INTEGRITY REGRESSION PASS,Rehearse supported bank suspense/reconciliation integrations; deploy only after hosted release gates.,"Reproduce the stated native result on a representative isolated copy, then obtain the applicable client acceptance evidence.",Developer (user): engineering; future client finance lead/accountant: configuration and acceptance (not yet named).,"Candidate 18.0.2.12.0; local revisions in REVISIONS.md; NOT DEPLOYED. Final native suite: immutable posted moves/lines, reset/cancel/delete/forged-context blocking, native reversal retains original."
RG-04,Accounting_System_PRD_v0.1.pdf; supplied 2026-10-05,Print the Acknowledgement Certificate control number on system-generated invoices and receipts,Launch,Native invoice/receipt tests and QWeb control-number fields; trial watermark and required configuration guard.,TEMPLATE/GUARD EVIDENCE; REAL VALUES OPEN,Each client supplies actual authorized control number and required document interpretation; printed sample approval.,"Reproduce the stated native result on a representative isolated copy, then obtain the applicable client acceptance evidence.",Developer (user): engineering; future client finance lead/accountant: configuration and acceptance (not yet named).,Candidate 18.0.2.12.0; local revisions in REVISIONS.md; NOT DEPLOYED. Native invoice/receipt tests and QWeb control-number fields; trial watermark and required configuration guard.
RG-05,Accounting_System_PRD_v0.1.pdf; supplied 2026-10-05,Audit trail retained and available for examination,Launch,Original5 audit rows/108details survive synthetic upgrade/restore; historical unknown company scope preserved platform-only.,SMALL RETAINED AUDIT RESTORE PASS; RETENTION OPEN,Agree statutory/archive retention with client accountant; implement/verify off-system queryable archive and examination retrieval.,"Reproduce the stated native result on a representative isolated copy, then obtain the applicable client acceptance evidence.",Developer (user): engineering; future client finance lead/accountant: configuration and acceptance (not yet named).,Candidate 18.0.2.12.0; local revisions in REVISIONS.md; NOT DEPLOYED. Original5 audit rows/108details survive synthetic upgrade/restore; historical unknown company scope preserved platform-only.
RG-06,Accounting_System_PRD_v0.1.pdf; supplied 2026-10-05,VAT and withholding tax computation per Philippine rules,Launch,Golden synthetic VAT allocation tests pass; VAT report renders with no configured tax-tag rows; withholding summary unverified.,TAX CONFIGURATION/OUTPUT ACCEPTANCE OPEN,Approve taxpayer-specific tax/withholding setup; configure tags and verify actual ledger-backed statutory summaries.,"Reproduce the stated native result on a representative isolated copy, then obtain the applicable client acceptance evidence.",Developer (user): engineering; future client finance lead/accountant: configuration and acceptance (not yet named).,Candidate 18.0.2.12.0; local revisions in REVISIONS.md; NOT DEPLOYED. Golden synthetic VAT allocation tests pass; VAT report renders with no configured tax-tag rows; withholding summary unverified.
RG-07,Accounting_System_PRD_v0.1.pdf; supplied 2026-10-05,Produce the documentation pack supporting the client's CAS registration,Launch,docs/cas-control-pack.md amended for hosted architecture; no client submission/certificate evidence.,GENERIC PACK EXISTS; CLIENT PACK OPEN,"Complete each client system description, process flow, control evidence and approved samples; taxpayer owns filing.","Reproduce the stated native result on a representative isolated copy, then obtain the applicable client acceptance evidence.",Developer (user): engineering; future client finance lead/accountant: configuration and acceptance (not yet named).,Candidate 18.0.2.12.0; local revisions in REVISIONS.md; NOT DEPLOYED. docs/cas-control-pack.md amended for hosted architecture; no client submission/certificate evidence.
AC-01,Accounting_System_PRD_v0.1.pdf; supplied 2026-10-05,Statement of Account Output matches the approved format and reconciles to the customer ledger,Launch,REPORT.md AC table: SOA rendered and AR ties; complete format/running/ageing comparison not yet accepted.,TECHNICAL PARTIAL; CLIENT SIGN-OFF OPEN,Approved client sample and exact customer ledger comparison.,"Reproduce the stated native result on a representative isolated copy, then obtain the applicable client acceptance evidence.",Developer (user): engineering; future client finance lead/accountant: configuration and acceptance (not yet named).,Candidate 18.0.2.12.0; local revisions in REVISIONS.md; NOT DEPLOYED. REPORT.md AC table: SOA rendered and AR ties; complete format/running/ageing comparison not yet accepted.
AC-02,Accounting_System_PRD_v0.1.pdf; supplied 2026-10-05,"Financial Statements Balance sheet balances, income statement ties to the trial balance, format matches the approved sample",Launch,"REPORT.md AC table and evidence/reports: BS balanced, P&L/comparatives ledger-backed; year-end regression.",TECHNICAL SAMPLE PASS; CLIENT SIGN-OFF OPEN,Approved client presentation and representative TB equality.,"Reproduce the stated native result on a representative isolated copy, then obtain the applicable client acceptance evidence.",Developer (user): engineering; future client finance lead/accountant: configuration and acceptance (not yet named).,"Candidate 18.0.2.12.0; local revisions in REVISIONS.md; NOT DEPLOYED. REPORT.md AC table and evidence/reports: BS balanced, P&L/comparatives ledger-backed; year-end regression."
AC-03,Accounting_System_PRD_v0.1.pdf; supplied 2026-10-05,Monthly reconciliation report Produced in the agreed format and agrees to the bank statement,Launch,REPORT.md AC table: native bank difference0 is not a custom monthly report.,CUSTOM OUTPUT UNDEFINED,Define/build agreed output; reconcile against actual bank statement.,"Reproduce the stated native result on a representative isolated copy, then obtain the applicable client acceptance evidence.",Developer (user): engineering; future client finance lead/accountant: configuration and acceptance (not yet named).,Candidate 18.0.2.12.0; local revisions in REVISIONS.md; NOT DEPLOYED. REPORT.md AC table: native bank difference0 is not a custom monthly report.
AC-04,Accounting_System_PRD_v0.1.pdf; supplied 2026-10-05,Official Receipt printing Prints correctly on the client's stock with all required fields,Launch,REPORT.md AC table: invoice/receipt fields and partial-payment tests pass.,TECHNICAL PARTIAL; CLIENT PRINT SIGN-OFF OPEN,"Test actual client stock, required fields, signatures/tax/control details.","Reproduce the stated native result on a representative isolated copy, then obtain the applicable client acceptance evidence.",Developer (user): engineering; future client finance lead/accountant: configuration and acceptance (not yet named).,Candidate 18.0.2.12.0; local revisions in REVISIONS.md; NOT DEPLOYED. REPORT.md AC table: invoice/receipt fields and partial-payment tests pass.
AC-05,Accounting_System_PRD_v0.1.pdf; supplied 2026-10-05,"Opening balance migration Migrated trial balance equals the MYOB trial balance at cutover, line by line",Launch,REPORT.md AC table: validator/atomic retry tests only; no real MYOB equality.,MIGRATION SAFETY PASS; CUTOVER ACCEPTANCE OPEN,Complete economic policy and authorized extraction; reconcile cutover TB line by line with named finance approval.,"Reproduce the stated native result on a representative isolated copy, then obtain the applicable client acceptance evidence.",Developer (user): engineering; future client finance lead/accountant: configuration and acceptance (not yet named).,Candidate 18.0.2.12.0; local revisions in REVISIONS.md; NOT DEPLOYED. REPORT.md AC table: validator/atomic retry tests only; no real MYOB equality.
AC-06,Accounting_System_PRD_v0.1.pdf; supplied 2026-10-05,Parallel run One full month posted in both systems produces the same trial balance,Launch,No real month or MYOB parallel run occurred.,REAL-TIME ACCEPTANCE OUTSTANDING,Run one full accounting month on both systems after approved trial migration.,"Match the complete month-end trial balance and required reports in both systems, with signed variances/resolution.",Developer (user): engineering; future client finance lead/accountant: configuration and acceptance (not yet named).,Candidate 18.0.2.12.0; local revisions in REVISIONS.md; NOT DEPLOYED. No real month or MYOB parallel run occurred.
AC-07,Accounting_System_PRD_v0.1.pdf; supplied 2026-10-05,"Audit trail A sample transaction is traceable to user, timestamp and prior value",Launch,Line edit retains actor/timestamp/prior value; immutable audit history preserved in restore.,TECHNICAL SAMPLE PASS; CLIENT EXAMINATION OPEN,Client examination on representative transactions; finish broader coverage gaps.,"Reproduce the stated native result on a representative isolated copy, then obtain the applicable client acceptance evidence.",Developer (user): engineering; future client finance lead/accountant: configuration and acceptance (not yet named).,Candidate 18.0.2.12.0; local revisions in REVISIONS.md; NOT DEPLOYED. Line edit retains actor/timestamp/prior value; immutable audit history preserved in restore.
AC-08,Accounting_System_PRD_v0.1.pdf; supplied 2026-10-05,Role permissions Each role can do what it should and is blocked from what it should not,Launch,evidence/milestone-workflows.txt four-role create/post/report/reverse probes; native ten-company isolation and audit scopes.,SAMPLED ROLE/ISOLATION PASS; PRODUCTION OPEN,Verify all role actions/memberships in actual configuration and each supported workflow.,"Reproduce the stated native result on a representative isolated copy, then obtain the applicable client acceptance evidence.",Developer (user): engineering; future client finance lead/accountant: configuration and acceptance (not yet named).,Candidate 18.0.2.12.0; local revisions in REVISIONS.md; NOT DEPLOYED. evidence/milestone-workflows.txt four-role create/post/report/reverse probes; native ten-company isolation and audit scopes.
AC-09,Accounting_System_PRD_v0.1.pdf; supplied 2026-10-05,Backup and restore A backup is restored to a test environment successfully,Launch,evidence/recovery-verification.json exact DB/filestore/account/audit comparison; REPORT.md AC table.,SYNTHETIC TECHNICAL PASS; REPRESENTATIVE/HANDOVER OPEN,"Production-representative isolated restore, separate destination verification and client demonstration.","Reproduce the stated native result on a representative isolated copy, then obtain the applicable client acceptance evidence.",Developer (user): engineering; future client finance lead/accountant: configuration and acceptance (not yet named).,Candidate 18.0.2.12.0; local revisions in REVISIONS.md; NOT DEPLOYED. evidence/recovery-verification.json exact DB/filestore/account/audit comparison; REPORT.md AC table.
O1,"PRD v0.1, pages 1, 2, 4, 6-8; WHITE-LABEL from user clarification. ROLE/STD/SCOPE/EIS IDs added for traceability.",Replace MYOB without loss of function: Every function on the agreed baseline list is available and demonstrated,Baseline / confirm client scope,REPORT.md lists passing workflows and remaining engineering; historical build prompt/audit unavailable.,BASELINE WORKFLOWS PARTIAL; NO OVERALL ACCEPTANCE,Complete agreed functional baseline and each remaining requirement; no feature-percentage claim.,"Reproduce the stated native result on a representative isolated copy, then obtain the applicable client acceptance evidence.","Developer: engineering; future client accountant/owner/Technical Adviser: decisions and sign-off, not yet named.",Candidate 18.0.2.12.0; local revisions in REVISIONS.md; NOT DEPLOYED. REPORT.md lists passing workflows and remaining engineering; historical build prompt/audit unavailable.
O2,"PRD v0.1, pages 1, 2, 4, 6-8; WHITE-LABEL from user clarification. ROLE/STD/SCOPE/EIS IDs added for traceability.",Improve speed and usability: Common transactions complete faster than the current system in a side-by-side test,Baseline / confirm client scope,All timing runs retained; no real MYOB side-by-side benchmark.,LOCAL TIMING ONLY; COMPARISON OPEN,Agree load/volumes and perform client side-by-side usability/timing comparison.,"Reproduce the stated native result on a representative isolated copy, then obtain the applicable client acceptance evidence.","Developer: engineering; future client accountant/owner/Technical Adviser: decisions and sign-off, not yet named.",Candidate 18.0.2.12.0; local revisions in REVISIONS.md; NOT DEPLOYED. All timing runs retained; no real MYOB side-by-side benchmark.
O3,"PRD v0.1, pages 1, 2, 4, 6-8; WHITE-LABEL from user clarification. ROLE/STD/SCOPE/EIS IDs added for traceability.","Reproduce the client's report formats: SOA, FS and OR print output accepted against their existing samples",Baseline / confirm client scope,Sample-specific evidence check implemented; no real client samples/approvals.,PROVISIONAL FORMATS,Approve and compare actual SOA/FS/OR outputs.,"Reproduce the stated native result on a representative isolated copy, then obtain the applicable client acceptance evidence.","Developer: engineering; future client accountant/owner/Technical Adviser: decisions and sign-off, not yet named.",Candidate 18.0.2.12.0; local revisions in REVISIONS.md; NOT DEPLOYED. Sample-specific evidence check implemented; no real client samples/approvals.
O4,"PRD v0.1, pages 1, 2, 4, 6-8; WHITE-LABEL from user clarification. ROLE/STD/SCOPE/EIS IDs added for traceability.","Preserve historical data: Migrated trial balance reconciles to MYOB, line by line, at the cutover date",Baseline / confirm client scope,MIGRATION-DESIGN.md and test evidence; no real history/TB load.,MIGRATION SAFETY ONLY,"Complete approved economic policy, archive and source reconciliation.","Reproduce the stated native result on a representative isolated copy, then obtain the applicable client acceptance evidence.","Developer: engineering; future client accountant/owner/Technical Adviser: decisions and sign-off, not yet named.",Candidate 18.0.2.12.0; local revisions in REVISIONS.md; NOT DEPLOYED. MIGRATION-DESIGN.md and test evidence; no real history/TB load.
O5,"PRD v0.1, pages 1, 2, 4, 6-8; WHITE-LABEL from user clarification. ROLE/STD/SCOPE/EIS IDs added for traceability.",Establish accountability: Every posting traceable to a named user with a timestamp,Baseline / confirm client scope,Native actor/time/prior-value test and audit restore pass; AUDIT-COVERAGE.md lists gaps.,AUDIT SAMPLE PASS; COMPLETE COVERAGE OPEN,Complete audit paths and named production memberships.,"Reproduce the stated native result on a representative isolated copy, then obtain the applicable client acceptance evidence.","Developer: engineering; future client accountant/owner/Technical Adviser: decisions and sign-off, not yet named.",Candidate 18.0.2.12.0; local revisions in REVISIONS.md; NOT DEPLOYED. Native actor/time/prior-value test and audit restore pass; AUDIT-COVERAGE.md lists gaps.
O6,"PRD v0.1, pages 1, 2, 4, 6-8; WHITE-LABEL from user clarification. ROLE/STD/SCOPE/EIS IDs added for traceability.",Support BIR system registration: System meets the documentary and control requirements for an Acknowledgement Certificate,Baseline / confirm client scope,Generic control/pack infrastructure; no client filing or legal acceptance.,REGISTRATION SUPPORT PROVISIONAL,Finish controls/client documentary outputs and taxpayer-owned filing.,"Reproduce the stated native result on a representative isolated copy, then obtain the applicable client acceptance evidence.","Developer: engineering; future client accountant/owner/Technical Adviser: decisions and sign-off, not yet named.",Candidate 18.0.2.12.0; local revisions in REVISIONS.md; NOT DEPLOYED. Generic control/pack infrastructure; no client filing or legal acceptance.
ROLE-ADMIN,"PRD v0.1, pages 1, 2, 4, 6-8; WHITE-LABEL from user clarification. ROLE/STD/SCOPE/EIS IDs added for traceability.","Administrator: Everything, including posting, reversal and reopening closed periods; cannot edit or purge the audit log",Baseline / confirm client scope,Native and RPC posting/report/reversal/reopen/create/write/delete probes; audit immutable and ten-company isolation.,SAMPLED NATIVE ROLE PASS; FULL MATRIX OPEN,"Check every required role action, user-permission administration and production memberships; see REPORT.md.","Reproduce the stated native result on a representative isolated copy, then obtain the applicable client acceptance evidence.","Developer: engineering; future client accountant/owner/Technical Adviser: decisions and sign-off, not yet named.",Candidate 18.0.2.12.0; local revisions in REVISIONS.md; NOT DEPLOYED. Native and RPC posting/report/reversal/reopen/create/write/delete probes; audit immutable and ten-company isolation.
ROLE-ACCOUNTANT,"PRD v0.1, pages 1, 2, 4, 6-8; WHITE-LABEL from user clarification. ROLE/STD/SCOPE/EIS IDs added for traceability.","Accountant: Create and post transactions, run all reports, reconcile bank accounts; cannot reopen closed periods or change user permissions",Baseline / confirm client scope,Native and RPC posting/report/reversal/reopen/create/write/delete probes; audit immutable and ten-company isolation.,SAMPLED NATIVE ROLE PASS; FULL MATRIX OPEN,"Check every required role action, user-permission administration and production memberships; see REPORT.md.","Reproduce the stated native result on a representative isolated copy, then obtain the applicable client acceptance evidence.","Developer: engineering; future client accountant/owner/Technical Adviser: decisions and sign-off, not yet named.",Candidate 18.0.2.12.0; local revisions in REVISIONS.md; NOT DEPLOYED. Native and RPC posting/report/reversal/reopen/create/write/delete probes; audit immutable and ten-company isolation.
ROLE-ENCODER,"PRD v0.1, pages 1, 2, 4, 6-8; WHITE-LABEL from user clarification. ROLE/STD/SCOPE/EIS IDs added for traceability.","Encoder: Create draft invoices, bills and receipts; cannot post to the ledger or run financial statements",Baseline / confirm client scope,Native and RPC posting/report/reversal/reopen/create/write/delete probes; audit immutable and ten-company isolation.,SAMPLED NATIVE ROLE PASS; FULL MATRIX OPEN,"Check every required role action, user-permission administration and production memberships; see REPORT.md.","Reproduce the stated native result on a representative isolated copy, then obtain the applicable client acceptance evidence.","Developer: engineering; future client accountant/owner/Technical Adviser: decisions and sign-off, not yet named.",Candidate 18.0.2.12.0; local revisions in REVISIONS.md; NOT DEPLOYED. Native and RPC posting/report/reversal/reopen/create/write/delete probes; audit immutable and ten-company isolation.
ROLE-READONLY,"PRD v0.1, pages 1, 2, 4, 6-8; WHITE-LABEL from user clarification. ROLE/STD/SCOPE/EIS IDs added for traceability.",Read-only: View all records and reports; cannot create or change anything,Baseline / confirm client scope,Native and RPC posting/report/reversal/reopen/create/write/delete probes; audit immutable and ten-company isolation.,SAMPLED NATIVE ROLE PASS; FULL MATRIX OPEN,"Check every required role action, user-permission administration and production memberships; see REPORT.md.","Reproduce the stated native result on a representative isolated copy, then obtain the applicable client acceptance evidence.","Developer: engineering; future client accountant/owner/Technical Adviser: decisions and sign-off, not yet named.",Candidate 18.0.2.12.0; local revisions in REVISIONS.md; NOT DEPLOYED. Native and RPC posting/report/reversal/reopen/create/write/delete probes; audit immutable and ten-company isolation.
SCOPE,"PRD v0.1, pages 1, 2, 4, 6-8; WHITE-LABEL from user clarification. ROLE/STD/SCOPE/EIS IDs added for traceability.","One company, one site, no branches, no consolidation, no foreign currency, no integrations; five named users, approximately two concurrent. Hosted override supersedes deployment only; white-label clients configured separately.",Baseline / confirm client scope,Hosted target accepted; no engine replacement or added foreign-currency/inventory/payroll obligation.,BASELINE SCOPE PRESERVED,Confirm per-client scope/volumes and any separately authorized extensions.,"Reproduce the stated native result on a representative isolated copy, then obtain the applicable client acceptance evidence.","Developer: engineering; future client accountant/owner/Technical Adviser: decisions and sign-off, not yet named.",Candidate 18.0.2.12.0; local revisions in REVISIONS.md; NOT DEPLOYED. Hosted target accepted; no engine replacement or added foreign-currency/inventory/payroll obligation.
EIS,"PRD v0.1, pages 1, 2, 4, 6-8; WHITE-LABEL from user clarification. ROLE/STD/SCOPE/EIS IDs added for traceability.",Accountant assessment of whether each client is covered by EIS e-invoicing mandate; no transmission integration assumed.,Baseline / confirm client scope,PRD flags taxpayer classification as unknown; no EIS transmission built or legal conclusion claimed.,CLIENT APPLICABILITY DECISION OPEN,Each client accountant records applicability and any separately required integration scope.,"Reproduce the stated native result on a representative isolated copy, then obtain the applicable client acceptance evidence.","Developer: engineering; future client accountant/owner/Technical Adviser: decisions and sign-off, not yet named.",Candidate 18.0.2.12.0; local revisions in REVISIONS.md; NOT DEPLOYED. PRD flags taxpayer classification as unknown; no EIS transmission built or legal conclusion claimed.
WHITE-LABEL,"PRD v0.1, pages 1, 2, 4, 6-8; WHITE-LABEL from user clarification. ROLE/STD/SCOPE/EIS IDs added for traceability.","Product readiness distinct from each future client deployment, accounting configuration, registration, migration and sign-off (user clarification, 5 October 2026).",Baseline / confirm client scope,User is developer/product owner; TURNOVER-DECISIONS.md separates reusable product readiness and each client acceptance.,OWNERSHIP CLARIFIED; TURNOVER NOT ACCEPTED,"Complete engineering/hosted gates and per-client configuration, branding, licensing and acceptance record.","Reproduce the stated native result on a representative isolated copy, then obtain the applicable client acceptance evidence.","Developer: engineering; future client accountant/owner/Technical Adviser: decisions and sign-off, not yet named.",Candidate 18.0.2.12.0; local revisions in REVISIONS.md; NOT DEPLOYED. User is developer/product owner; TURNOVER-DECISIONS.md separates reusable product readiness and each client acceptance.
PRD-OPEN-QUESTIONS,"PRD v0.1, pages 1, 2, 4, 6-8; WHITE-LABEL from user clarification. ROLE/STD/SCOPE/EIS IDs added for traceability.","Close the 12 discovery questions on PRD pages 7-8: priorities, additional modules, volumes, customer/supplier flows, banks/statements, approvals, samples/reconciliation definition, BIR/opening owner, EIS, history retention, infrastructure/recovery responsibilities.",Baseline / confirm client scope,Actual PRD v0.1 supplied; hosted override and white-label product ownership clarified.,DISCOVERY OUTSTANDING,Close remaining discovery questions per TURNOVER-DECISIONS.md; do not invent samples/owners/volumes/approvals.,"Reproduce the stated native result on a representative isolated copy, then obtain the applicable client acceptance evidence.","Developer: engineering; future client accountant/owner/Technical Adviser: decisions and sign-off, not yet named.",Candidate 18.0.2.12.0; local revisions in REVISIONS.md; NOT DEPLOYED. Actual PRD v0.1 supplied; hosted override and white-label product ownership clarified.
STD-01,"PRD v0.1, pages 1, 2, 4, 6-8; WHITE-LABEL from user clarification. ROLE/STD/SCOPE/EIS IDs added for traceability.",Trial balance,Baseline / confirm client scope,evidence/milestone-workflows.txt: OCA trial balance PDF; 4070 debit equals credit at recorded synthetic snapshot.,PDF/CALCULATION PASS; DRILLDOWN OPEN,Verify interactive source drilldown and representative date/account scopes.,"Reproduce the stated native result on a representative isolated copy, then obtain the applicable client acceptance evidence.","Developer: engineering; future client accountant/owner/Technical Adviser: decisions and sign-off, not yet named.",Candidate 18.0.2.12.0; local revisions in REVISIONS.md; NOT DEPLOYED. evidence/milestone-workflows.txt: OCA trial balance PDF; 4070 debit equals credit at recorded synthetic snapshot.
STD-02,"PRD v0.1, pages 1, 2, 4, 6-8; WHITE-LABEL from user clarification. ROLE/STD/SCOPE/EIS IDs added for traceability.",General ledger detail,Baseline / confirm client scope,evidence/milestone-workflows.txt: OCA GL detail PDF39085bytes.,NATIVE PDF RENDERED,Representative drilldown/source/date balance comparison.,"Reproduce the stated native result on a representative isolated copy, then obtain the applicable client acceptance evidence.","Developer: engineering; future client accountant/owner/Technical Adviser: decisions and sign-off, not yet named.",Candidate 18.0.2.12.0; local revisions in REVISIONS.md; NOT DEPLOYED. evidence/milestone-workflows.txt: OCA GL detail PDF39085bytes.
STD-03,"PRD v0.1, pages 1, 2, 4, 6-8; WHITE-LABEL from user clarification. ROLE/STD/SCOPE/EIS IDs added for traceability.",Journal listing,Baseline / confirm client scope,evidence/standard-reports/journal_listing.pdf actual7-page output; unused t-eval warnings recorded.,NATIVE PDF RENDERED; OCA WARNING,Compare journal lines/totals/tax summary and resolve any rendering discrepancy.,"Reproduce the stated native result on a representative isolated copy, then obtain the applicable client acceptance evidence.","Developer: engineering; future client accountant/owner/Technical Adviser: decisions and sign-off, not yet named.",Candidate 18.0.2.12.0; local revisions in REVISIONS.md; NOT DEPLOYED. evidence/standard-reports/journal_listing.pdf actual7-page output; unused t-eval warnings recorded.
STD-04,"PRD v0.1, pages 1, 2, 4, 6-8; WHITE-LABEL from user clarification. ROLE/STD/SCOPE/EIS IDs added for traceability.",Standard balance sheet,Baseline / confirm client scope,evidence/reports: comparative BS assets1200 equals earnings1200; P&L1200; year-end regression preserves earned income.,CALCULATIONS/PDF PASS; CLIENT PRESENTATION OPEN,Approved client presentation and representative annual-volume/TB comparisons.,"Reproduce the stated native result on a representative isolated copy, then obtain the applicable client acceptance evidence.","Developer: engineering; future client accountant/owner/Technical Adviser: decisions and sign-off, not yet named.",Candidate 18.0.2.12.0; local revisions in REVISIONS.md; NOT DEPLOYED. evidence/reports: comparative BS assets1200 equals earnings1200; P&L1200; year-end regression preserves earned income.
STD-05,"PRD v0.1, pages 1, 2, 4, 6-8; WHITE-LABEL from user clarification. ROLE/STD/SCOPE/EIS IDs added for traceability.",Income statement,Baseline / confirm client scope,evidence/reports: comparative BS assets1200 equals earnings1200; P&L1200; year-end regression preserves earned income.,CALCULATIONS/PDF PASS; CLIENT PRESENTATION OPEN,Approved client presentation and representative annual-volume/TB comparisons.,"Reproduce the stated native result on a representative isolated copy, then obtain the applicable client acceptance evidence.","Developer: engineering; future client accountant/owner/Technical Adviser: decisions and sign-off, not yet named.",Candidate 18.0.2.12.0; local revisions in REVISIONS.md; NOT DEPLOYED. evidence/reports: comparative BS assets1200 equals earnings1200; P&L1200; year-end regression preserves earned income.
STD-06,"PRD v0.1, pages 1, 2, 4, 6-8; WHITE-LABEL from user clarification. ROLE/STD/SCOPE/EIS IDs added for traceability.",Cash flow statement,Baseline / confirm client scope,"evidence/reports/cash_flow.pdf: operating150, opening0, closing150, difference0; unresolved category explicitly shown when needed.",PROVISIONAL CALCULATION/PDF; INCOMPLETE PRESENTATION,Finish cash-equivalent scope/classification/allocation configuration and accountant-approved complete statement.,"Reproduce the stated native result on a representative isolated copy, then obtain the applicable client acceptance evidence.","Developer: engineering; future client accountant/owner/Technical Adviser: decisions and sign-off, not yet named.","Candidate 18.0.2.12.0; local revisions in REVISIONS.md; NOT DEPLOYED. evidence/reports/cash_flow.pdf: operating150, opening0, closing150, difference0; unresolved category explicitly shown when needed."
STD-07,"PRD v0.1, pages 1, 2, 4, 6-8; WHITE-LABEL from user clarification. ROLE/STD/SCOPE/EIS IDs added for traceability.",Customer ageing,Baseline / confirm client scope,evidence/standard-reports/customer_ageing.pdf: synthetic total1847.50 at recorded snapshot; open-items PDF generated.,NATIVE OUTPUT RENDERED,Compare ageing buckets/cutoff/running balances against representative customer ledger.,"Reproduce the stated native result on a representative isolated copy, then obtain the applicable client acceptance evidence.","Developer: engineering; future client accountant/owner/Technical Adviser: decisions and sign-off, not yet named.",Candidate 18.0.2.12.0; local revisions in REVISIONS.md; NOT DEPLOYED. evidence/standard-reports/customer_ageing.pdf: synthetic total1847.50 at recorded snapshot; open-items PDF generated.
STD-08,"PRD v0.1, pages 1, 2, 4, 6-8; WHITE-LABEL from user clarification. ROLE/STD/SCOPE/EIS IDs added for traceability.",Supplier ageing,Baseline / confirm client scope,evidence/standard-reports/supplier_ageing.pdf: synthetic total -270.00 at snapshot; unpaid listing rendered.,NATIVE OUTPUT RENDERED,Reconcile ageing buckets and cutoff to supplier ledger.,"Reproduce the stated native result on a representative isolated copy, then obtain the applicable client acceptance evidence.","Developer: engineering; future client accountant/owner/Technical Adviser: decisions and sign-off, not yet named.",Candidate 18.0.2.12.0; local revisions in REVISIONS.md; NOT DEPLOYED. evidence/standard-reports/supplier_ageing.pdf: synthetic total -270.00 at snapshot; unpaid listing rendered.
STD-09,"PRD v0.1, pages 1, 2, 4, 6-8; WHITE-LABEL from user clarification. ROLE/STD/SCOPE/EIS IDs added for traceability.",Unpaid balance listings,Baseline / confirm client scope,evidence/standard-reports/unpaid_balances.pdf: actual OCA open-item listing; AR/AP control checks in workflow evidence.,NATIVE PDF RENDERED,Compare cutoff residual detail and ageing to representative ledger.,"Reproduce the stated native result on a representative isolated copy, then obtain the applicable client acceptance evidence.","Developer: engineering; future client accountant/owner/Technical Adviser: decisions and sign-off, not yet named.",Candidate 18.0.2.12.0; local revisions in REVISIONS.md; NOT DEPLOYED. evidence/standard-reports/unpaid_balances.pdf: actual OCA open-item listing; AR/AP control checks in workflow evidence.
STD-10,"PRD v0.1, pages 1, 2, 4, 6-8; WHITE-LABEL from user clarification. ROLE/STD/SCOPE/EIS IDs added for traceability.",VAT summaries,Baseline / confirm client scope,Golden synthetic VAT allocation tests pass; VAT report renders with no configured tax-tag rows; withholding summary unverified.,TAX CONFIGURATION/OUTPUT ACCEPTANCE OPEN,Approve taxpayer-specific tax/withholding setup; configure tags and verify actual ledger-backed statutory summaries.,"Reproduce the stated native result on a representative isolated copy, then obtain the applicable client acceptance evidence.","Developer: engineering; future client accountant/owner/Technical Adviser: decisions and sign-off, not yet named.",Candidate 18.0.2.12.0; local revisions in REVISIONS.md; NOT DEPLOYED. Golden synthetic VAT allocation tests pass; VAT report renders with no configured tax-tag rows; withholding summary unverified.
STD-11,"PRD v0.1, pages 1, 2, 4, 6-8; WHITE-LABEL from user clarification. ROLE/STD/SCOPE/EIS IDs added for traceability.",Withholding summaries,Baseline / confirm client scope,Golden synthetic VAT allocation tests pass; VAT report renders with no configured tax-tag rows; withholding summary unverified.,TAX CONFIGURATION/OUTPUT ACCEPTANCE OPEN,Approve taxpayer-specific tax/withholding setup; configure tags and verify actual ledger-backed statutory summaries.,"Reproduce the stated native result on a representative isolated copy, then obtain the applicable client acceptance evidence.","Developer: engineering; future client accountant/owner/Technical Adviser: decisions and sign-off, not yet named.",Candidate 18.0.2.12.0; local revisions in REVISIONS.md; NOT DEPLOYED. Golden synthetic VAT allocation tests pass; VAT report renders with no configured tax-tag rows; withholding summary unverified.
STD-12,"PRD v0.1, pages 1, 2, 4, 6-8; WHITE-LABEL from user clarification. ROLE/STD/SCOPE/EIS IDs added for traceability.",Bank reconciliation summary,Baseline / confirm client scope,Native reconciliation record/difference tested; no claim that it supplies a bank reconciliation summary PDF.,SUMMARY PDF UNVERIFIED,"Verify or implement standard summary output, ledger/statement tie-out and outstanding items.","Reproduce the stated native result on a representative isolated copy, then obtain the applicable client acceptance evidence.","Developer: engineering; future client accountant/owner/Technical Adviser: decisions and sign-off, not yet named.",Candidate 18.0.2.12.0; local revisions in REVISIONS.md; NOT DEPLOYED. Native reconciliation record/difference tested; no claim that it supplies a bank reconciliation summary PDF.
